2022-12-02 09:13:52.622571 | 192.168.71.129 -> 192.168.71.130 | [46161, 44649, 34507, 43979, 43439, 54628, 45195, 44455, 54632, 33501, 32781, 39687, 51130] -> [443, 8080, 4444]
2022-12-02 09:27:17.238425 | 192.168.71.129 -> 192.168.71.130 | [41573, 40645, 37718, 36127, 39563, 37720, 38935, 43345, 35341, 48766] -> [443, 8080, 4444]
2022-12-02 09:46:04.266417 | 192.168.71.129 -> 192.168.71.130 | [39305, 45755, 37852, 37149, 44129, 37854, 43087, 33057, 33787, 48900] -> [443, 8080, 4444]
2022-12-02 09:46:46.767973 | 192.168.71.129 -> 192.168.71.130 | [44499, 44951, 37864, 38581, 45309, 37868, 41801, 43237, 39169, 48914] -> [443, 8080, 4444]
2022-12-02 09:48:03.329230 | 192.168.71.129 -> 192.168.71.130 | [35283, 48932] -> [443, 4444]
2022-12-02 09:48:22.681820 | 192.168.71.129 -> 192.168.71.130 | [36583, 33987, 37898] -> [443, 8080]
2022-12-02 09:48:42.579445 | 192.168.71.129 -> 192.168.71.130 | [34013, 35125, 37900, 33519, 37449, 41981, 48946] -> [443, 8080, 4444]
2022-12-02 10:07:49.311578 | 192.168.71.129 -> 192.168.71.130 | [43787, 43549, 39293, 43393, 43905, 34504, 39835, 40045, 34506, 33413, 38651, 45403, 38388] -> [443, 8080, 4444]
2022-12-02 10:08:53.035998 | 192.168.71.129 -> 192.168.71.130 | [42135, 36405, 34522] -> [443, 8080]
2022-12-02 10:09:14.879868 | 192.168.71.129 -> 192.168.71.130 | [41681, 46379, 34526, 37653, 35717, 37539, 38408] -> [443, 8080, 4444]
2022-12-02 10:20:20.579853 | 192.168.71.129 -> 192.168.71.130 | [40245, 37593, 58548, 46577, 42167, 58550, 41413, 39991, 33263, 45060] -> [443, 8080, 4444]
2022-12-02 10:28:03.397746 | 192.168.71.129 -> 192.168.71.130 | [44305, 44319, 35734, 40183, 44069, 35738, 42345, 40409, 33687, 48232] -> [443, 8080, 4444]
2022-12-02 10:28:36.553903 | 192.168.71.129 -> 192.168.71.130 | [38417, 36245, 35746, 40117, 46139, 35750, 39757, 33095, 46549, 48244] -> [443, 8080, 4444]
2022-12-02 10:28:54.651029 | 192.168.71.129 -> 192.168.71.130 | [41689, 34321, 35758] -> [443, 8080]
2022-12-02 10:29:16.007905 | 192.168.71.129 -> 192.168.71.130 | [35453, 32869, 35762, 38229, 33935, 43721, 48256] -> [443, 8080, 4444]
2022-12-02 10:40:16.824671 | 192.168.71.129 -> 192.168.71.130 | [35215, 43921, 43512, 34535, 34617, 32945, 41554] -> [443, 8080, 4444]
2022-12-02 10:40:50.949627 | 192.168.71.129 -> 192.168.71.130 | [34895, 38583, 43520, 46663, 37689, 43524, 43803, 37929, 39273, 41564] -> [443, 8080, 4444]
2022-12-02 10:41:28.338136 | 192.168.71.129 -> 192.168.71.130 | [45993, 41759, 43536] -> [443, 8080]
2022-12-02 10:41:50.473832 | 192.168.71.129 -> 192.168.71.130 | [34743, 39075, 43538, 41053, 42593, 43987, 41580] -> [443, 8080, 4444]
2022-12-02 10:42:30.697408 | 192.168.71.129 -> 192.168.71.130 | [44529, 41607, 43546, 41789, 36733, 43550, 35017, 33555, 43399, 41592] -> [443, 8080, 4444]
2022-12-02 10:47:41.245782 | 192.168.71.129 -> 192.168.71.130 | [38079, 33651, 37198, 41685, 36137, 37202, 36933, 35211, 33209, 59556] -> [443, 8080, 4444]
2022-12-02 10:48:13.476395 | 192.168.71.129 -> 192.168.71.130 | [39449, 34867, 37210, 32781, 37205, 37214, 36593, 34641, 37631, 59568] -> [443, 8080, 4444]
2022-12-02 10:48:45.815546 | 192.168.71.129 -> 192.168.71.130 | [35091, 42607, 37226] -> [443, 8080]
2022-12-02 10:58:09.845976 | 192.168.71.129 -> 192.168.71.130 | [45692, 45103, 36173, 60718, 43813, 45739, 60722, 45955, 36415, 43307, 50460] -> [80, 443, 8080, 4444]
